triplet,station,elevation,latitude,longitude
992:UT:SNTL,BEAR RIVER RS,8777,40.8852,-110.8277
679:WA:SNTL,PARADISE,5130,46.78265,-121.74765
945:OR:SNTL,GERBER RESERVOIR,4890,42.2062,-121.1334
944:WY:SNTL,GUNSIGHT PASS,9820,43.38332,-109.87815
567:UT:SNTL,LAKEFORK BASIN,10966,40.73783,-110.62087
328:MT:SNTL,BEAVER CREEK,7850,44.94966,-111.35852
383:UT:SNTL,CAMP JACKSON,8968,37.81333,-109.48723
1241:OR:SNTLT,PATTON MEADOWS AM,6780,42.24522,-120.60527
1156:UT:SNTL,SQUAW SPRINGS,9105,38.4973,-112.00789
695:ID:SNTL,PINE CREEK PASS,6720,43.56998,-111.21157
592:UT:SNTL,LONG FLAT,8000,37.51283,-113.39682
716:WY:SNTL,RENO HILL,8400,42.57111,-106.08889
1137:NV:SNTL,VACARRO SPRING,7836,39.44868,-115.98338
1015:WY:SNTL,SAGE CREEK BASIN,7850,41.401,-107.25717
210:AK:MSNT,CARIBOU SNOW PILLOW,900,65.15,-147.55
711:WA:SNTL,RAINY PASS,4890,48.51865,-120.7358
1138:NM:SNTL,NAVAJO WHISKEY CK,9050,36.17728,-108.94691
480:MT:SNTL,FISHER CREEK,9100,45.06235,-109.94488
731:WY:SNTL,SAND LAKE,10050,41.46257,-106.28107
639:ID:SNTL,MORGAN CREEK,7600,44.84263,-114.26897
343:OR:SNTL,BIGELOW CAMP,5130,42.07875,-123.34393
413:MT:SNTL,COPPER BOTTOM,5200,47.05678,-112.595
729:OR:SNTL,SALT CREEK FALLS,4220,43.61193,-122.11758
870:CO:SNTL,WILLOW PARK,10700,40.43254,-105.73337
835:MT:SNTL,TWELVEMILE CREEK,5600,46.14287,-114.44755
314:WY:SNTL,BASE CAMP,7030,43.94583,-110.44677
893:MT:SNTL,TIZER BASIN,6880,46.34937,-111.85308
1049:CA:SNTL,FORESTDALE CREEK,8017,38.68245,-119.9597
999:WA:SNTL,MARTEN RIDGE,3520,48.76292,-121.69823
550:ID:SNTL,JACKSON PEAK,7070,44.05092,-115.44322
1185:CO:SNTL,BLACK MESA,11580,37.78972,-108.18365
1223:UT:SNTL,HOBBLE CREEK,7399,40.18505,-111.3594
932:MT:SNTL,POORMAN CREEK,5100,48.12672,-115.62333
586:CO:SNTL,LIZARD HEAD PASS,10200,37.79926,-107.92426
1079:OR:SNTL,MILK SHAKES,5580,45.9821,-117.94883
640:AZ:SNTL,MORMON MOUNTAIN,7500,34.94109,-111.51849
905:CO:SNTL,MANCOS,10000,37.43087,-108.16954
425:ID:SNTL,CRATER MEADOWS,5960,46.56306,-115.28833
874:CO:SNTL,WOLF CREEK SUMMIT,11000,37.47922,-106.8017
439:ID:SNTL,DEADWOOD SUMMIT,6860,44.54483,-115.563
916:MT:SNTL,ALBRO LAKE,8300,45.59723,-111.95902
532:NM:SNTL,HOPEWELL,10000,36.71631,-106.26348
869:CO:SNTL,WILLOW CREEK PASS,9540,40.34703,-106.09433
864:UT:SNTL,WHITE RIVER #1,8641,39.9645,-110.98845
401:OR:SNTL,CLEAR LAKE,3810,45.18832,-121.6916
345:CO:SNTL,BISON LAKE,10880,39.76487,-107.35681
1176:AK:SNTL,MOORE CREEK BRIDGE,2250,59.58783,-135.2105
1071:AK:SNTL,ESTHER ISLAND,50,60.798,-148.0857
1082:WY:SNTL,GRAND TARGHEE,9260,43.77933,-110.92783
446:CA:SNTL,DISMAL SWAMP,7360,41.99127,-120.18033
673:WY:SNTL,OLD BATTLE,10000,41.15397,-106.96937
470:OR:SNTL,EMIGRANT SPRINGS,3800,45.55808,-118.45383
748:WA:SNTL,SHEEP CANYON,3990,46.19325,-122.25393
1085:WA:SNTL,CAYUSE PASS,5240,46.86954,-121.5343
694:UT:SNTL,PINE CREEK,8790,38.88183,-112.24927
1233:AK:SNTL,LOWER MULCHATNA,320,58.82001,-156.99064
1139:AZ:SNTL,CHALENDER,7100,35.26247,-112.06231
1230:OR:SNTL,TV RIDGE AM,7050,45.39608,-117.38919
537:ID:SNTL,HYNDMAN,7440,43.71058,-114.15893
755:NM:SNTL,SIGNAL PEAK,8360,32.92401,-108.14538
963:AK:SNTL,GRANITE CRK,1240,63.94382,-145.39993
811:NV:SNTL,TAYLOR CANYON,6200,41.22933,-116.02883
663:CO:SNTL,NIWOT,9910,40.03523,-105.54426
1211:NV:SNTLT,JAKES CREEK,7000,41.5687,-115.0324
529:OR:SNTL,HOLLAND MEADOWS,4930,43.66917,-122.56877
987:AK:SNTL,PORT GRAHAM,300,59.35065,-151.84768
551:CO:SNTL,JOE WRIGHT,10120,40.53215,-105.887
940:CO:SNTL,LOST DOG,9320,40.81588,-106.74835
1204:NV:SNTLT,COLUMBIA BASIN,6650,41.6716,-116.0703
693:MT:SNTL,PIKE CREEK,5930,48.30305,-113.32868
366:UT:SNTL,BRIGHTON,8750,40.59917,-111.58268
402:WY:SNTL,CLOUD PEAK RESERVOIR,9860,44.40343,-107.06057
1200:NV:SNTLT,TROUT CREEK UPPER,7000,41.0439,-115.0955
1174:AK:SNTL,FAIRBANKS F.O.,450,64.85,-147.8
955:AK:SNTL,SUMMIT CREEK,1400,60.61713,-149.53128
2144:NV:SCAN,PINE NUT,6770,36.57285,-115.20422
919:MT:SNTL,DAISY PEAK,7600,46.66858,-110.33022
374:UT:SNTL,BUG LAKE,7950,41.68467,-111.41915
948:AK:SNTL,MT. RYAN,2800,65.25113,-146.15133
1123:CO:SNTL,LONG DRAW RESV,9980,40.5123,-105.7656
323:ID:SNTL,BEAR MOUNTAIN,5400,48.30577,-116.07448
588:ID:SNTL,LOLO PASS,5240,46.63448,-114.58072
804:WA:SNTL,SURPRISE LAKES,4290,46.09497,-121.76345
1109:WA:SNTL,CALAMITY,2500,45.90362,-122.21633
938:CO:SNTL,BUCKSKIN JOE,11150,39.3035,-106.11307
786:WY:SNTL,ST. LAWRENCE ALT,8620,43.03313,-109.17025
1135:UT:SNTL,BURTS MILLER RANCH,8000,40.98492,-110.85075
664:MT:SNTL,NOISY BASIN,6040,48.15678,-113.94637
352:WA:SNTL,BLEWETT PASS,4240,47.35037,-120.6796
1166:OR:SNTL,BEAR GRASS,4720,44.3253,-122.0878
707:WA:SNTL,QUARTZ PEAK,4700,47.87927,-117.08938
438:CO:SNTL,DEADMAN HILL,10220,40.80571,-105.76993
530:MT:SNTL,HOODOO BASIN,6050,46.9751,-115.0349
505:CO:SNTL,GRIZZLY PEAK,11100,39.64631,-105.86973
709:CO:SNTL,RABBIT EARS,9400,40.36783,-106.74038
779:WY:SNTL,SPRING CREEK DIVIDE,9000,42.5254,-110.6615
575:CA:SNTL,LEAVITT MEADOWS,7198,38.30377,-119.55017
658:CO:SNTL,NAST LAKE,8700,39.29722,-106.60694
514:UT:SNTL,HARRIS FLAT,7800,37.49,-112.57533
335:CO:SNTL,BERTHOUD SUMMIT,11300,39.80392,-105.77789
371:UT:SNTL,BUCK FLAT,9430,39.134,-111.43727
1148:UT:SNTL,PANGUITCH LAKE R.S.,8350,37.70463,-112.65037
358:WY:SNTL,BONE SPRINGS DIV,9350,44.67888,-107.5811
309:WY:SNTL,BALD MTN.,9380,44.8007,-107.84442
1115:UT:SNTL,KLONDIKE NARROWS,7250,41.96769,-111.59713
552:OR:SNTL,JUMP OFF JOE,3520,44.38605,-122.16683
703:WY:SNTL,POWDER RIVER PASS,9480,44.16188,-107.12622
1042:CO:SNTL,WILD BASIN,9560,40.20105,-105.60248
386:CO:SNTL,CASCADE,8880,37.65083,-107.80602
491:NM:SNTL,GALLEGOS PEAK,9800,36.19446,-105.55795
866:AZ:SNTL,WILDCAT,7850,33.75835,-109.47973
816:WY:SNTL,THUMB DIVIDE,7980,44.36888,-110.57825
777:WA:SNTL,SPIRIT LAKE,3520,46.26113,-122.1772
834:CA:SNTL,TRUCKEE #2,6509,39.30087,-120.18407
1205:NV:SNTLT,SILVER CREEK NV,8000,39.2334,-114.2427
962:AK:SNTL,GOBBLERS KNOB,2030,66.745,-150.6675
365:MT:SNTL,BRACKETT CREEK,7320,45.89107,-110.93851
578:MT:SNTL,LICK CREEK,6860,45.5041,-110.96625
1159:WA:SNTL,GOLD AXE CAMP,5360,48.9516,-118.9864
860:ID:SNTL,WHITE ELEPHANT,7710,44.53267,-111.41085
1003:AK:SNTL,MCNEIL CANYON,1320,59.74433,-151.25133
937:CO:SNTL,MICHIGAN CREEK,10600,39.43577,-105.91078
781:MT:SNTL,SPUR PARK,8100,46.77962,-110.62165
368:UT:SNTL,BROWN DUCK,10600,40.581,-110.58583
448:MT:SNTL,DIVIDE,7800,44.79317,-112.05645
1224:UT:SNTL,MT BALDY,9494,39.13667,-111.5054
902:AZ:SNTL,BEAVER HEAD,7990,33.69144,-109.21657
1192:UT:SNTL,BUCK PASTURE,9700,40.8446,-110.66075
845:ID:SNTL,VIENNA MINE,8960,43.79942,-114.85273
868:WY:SNTL,WILLOW CREEK,8380,42.81513,-110.83515
1093:AK:SNTL,CHISANA,3320,62.069,-142.049
1144:MT:SNTL,BLACKTAIL MTN,5650,47.98288,-114.3543
815:OR:SNTL,THREE CREEKS MEADOW,5690,44.14425,-121.64095
751:WY:SNTL,SHELL CREEK,9580,44.50012,-107.42947
1063:AK:SNTL,KACHEMAK CREEK,1660,59.72893,-150.66113
776:WA:SNTL,SPENCER MEADOW,3400,46.1795,-121.92661
1216:UT:SNTL,HUNTINGTON HORSE,9657,39.61153,-111.30493
457:CO:SNTL,DRY LAKE,8400,40.53397,-106.7813
571:WY:SNTL,LAPRELE CREEK,8375,42.43583,-105.86083
1147:NV:SNTL,WHEELER PEAK,10120,39.00995,-114.31021
935:CO:SNTL,JACKWHACKER GULCH,10960,39.56667,-105.8
572:UT:SNTL,LASAL MOUNTAIN,9560,38.48217,-109.27192
1140:AZ:SNTL,BAKER BUTTE SMT,7700,34.45547,-111.38272
528:UT:SNTL,HOLE-IN-ROCK,9150,40.92167,-110.18622
710:OR:SNTL,RAILROAD OVERPASS,2680,43.65887,-122.21272
1183:AK:SNTL,SAGWON,1000,69.42417,-148.6925
947:AK:SNTL,LITTLE CHENA RIDGE,2000,65.12422,-146.7339
1128:CO:SNTL,SARGENTS MESA,11530,38.28555,-106.37069
1039:UT:SNTL,CASCADE MOUNTAIN,7774,40.283,-111.60992
818:WY:SNTL,TIE CREEK,6870,44.81243,-107.41017
985:WA:SNTL,SOURDOUGH GULCH,4000,46.23718,-117.39438
584:OR:SNTL,LITTLE MEADOWS,4020,44.61297,-122.22565
539:CA:SNTL,INDEPENDENCE CAMP,7003,39.4528,-120.29268
527:NV:SNTL,HOLE-IN-MOUNTAIN,7900,40.9427,-115.09572
872:WY:SNTL,WINDY PEAK,7900,42.2802,-105.57816
1091:AK:SNTL,INDEPENDENCE MINE,3550,61.79117,-149.27967
523:OR:SNTL,HIGH RIDGE,4920,45.69682,-118.10657
320:ID:SNTL,BEAR CANYON,7900,43.74367,-113.93797
484:ID:SNTL,FRANKLIN BASIN,8170,42.05058,-111.6012
1250:OR:SNTLT,GOVERNMENT CORRALS,7400,42.04308,-118.3195
867:ID:SNTL,WILDHORSE DIVIDE,6490,42.75743,-112.47783
1228:UT:SNTL,WRIGLEY CREEK,9162,39.13427,-111.3539
957:AK:SNTL,ATIGUN PASS,4800,68.12983,-149.47817
534:ID:SNTL,HOWELL CANYON,7980,42.32111,-113.61556
395:OR:SNTL,CHEMULT ALTERNATE,4850,43.22625,-121.80662
1097:UT:SNTL,TIMBERLINE,8736,39.67712,-110.43395
848:CA:SNTL,WARD CREEK #3,6655,39.13562,-120.21763
589:CO:SNTL,LONE CONE,9600,37.89183,-108.19544
518:CA:SNTL,HEAVENLY VALLEY,8582,38.92433,-119.91647
580:CO:SNTL,LILY POND,11000,37.37929,-106.54835
502:WA:SNTL,GREEN LAKE,5920,46.54741,-121.17093
2145:NV:SCAN,CHARKILN,6718,36.36637,-115.83394
2143:NV:SCAN,HAYFORD PEAK,9886,37.65812,-115.20422
338:ID:SNTL,BIG CREEK SUMMIT,6580,44.62642,-115.7937
471:ID:SNTL,EMIGRANT SUMMIT,7390,42.36055,-111.56085
407:MT:SNTL,COLE CREEK,7850,45.19405,-109.34548
1005:CO:SNTL,UTE CREEK,10650,37.61497,-105.37327
377:WY:SNTL,BURGESS JUNCTION,7880,44.78765,-107.52917
1104:WA:SNTL,PEPPER CREEK,2140,46.10242,-121.95555
431:CO:SNTL,CUMBRES TRESTLE,10040,37.01878,-106.45179
1053:ID:SNTL,MYRTLE CREEK,3520,48.72263,-116.46312
485:CO:SNTL,FREMONT PASS,11400,39.37991,-106.19681
475:UT:SNTL,FARNSWORTH LAKE,9682,38.7725,-111.67662
1034:NM:SNTL,SIERRA BLANCA,10280,33.40472,-105.78722
1143:AZ:SNTL,BEAVER SPRING,9200,36.32678,-109.05711
650:ID:SNTL,MOUNTAIN MEADOWS,6360,45.69694,-115.22972
959:AK:SNTL,COOPER LAKE,1200,60.39027,-149.6936
382:ID:SNTL,CAMAS CREEK DIVIDE,5710,43.26548,-115.3453
375:WA:SNTL,BUMPING RIDGE,4610,46.81003,-121.33058
408:CO:SNTL,COLUMBINE,9160,40.3948,-106.60408
1040:CO:SNTL,MCCOY PARK,9480,39.60468,-106.54128
310:AZ:SNTL,BALDY,9125,33.97883,-109.50344
690:MT:SNTL,PICKFOOT CREEK,6650,46.57978,-111.26832
930:MT:SNTL,PETERSON MEADOWS,7200,46.12588,-113.30792
430:CO:SNTL,CULEBRA #2,10500,37.20945,-105.19959
422:OR:SNTL,COUNTY LINE,4830,45.19107,-118.55015
1151:UT:SNTL,GEORGE CREEK,9005,41.91582,-113.41158
1208:NV:SNTLT,SNOWSTORM MTN,7420,41.3398,-116.9806
1160:CO:SNTL,WEMINUCHE CREEK,10740,37.51976,-107.32152
922:NM:SNTL,SANTA FE,11445,35.76694,-105.78333
928:WA:SNTL,HUCKLEBERRY CREEK,2250,47.06565,-121.58778
574:CA:SNTL,LEAVITT LAKE,9617,38.27603,-119.61182
473:CA:SNTL,FALLEN LEAF,6236,38.93405,-120.05457
562:MT:SNTL,KRAFT CREEK,4750,47.42749,-113.77515
1202:NV:SNTLT,TENT MTN LOWER,7000,40.9785,-115.1722
524:ID:SNTL,HILTS CREEK,8000,44.01897,-113.4723
450:ID:SNTL,DOLLARHIDE SUMMIT,8420,43.6025,-114.67417
488:AZ:SNTL,FRY,7200,35.07297,-111.84374
686:UT:SNTL,PAYSON R.S.,8066,39.92967,-111.63107
1106:MT:SNTL,ELK PEAK,7600,46.4845,-110.7125
915:ID:SNTL,SCHWARTZ LAKE,8540,44.84618,-113.83732
339:UT:SNTL,BIG FLAT,10349,38.30183,-112.35672
665:NM:SNTL,NORTH COSTILLA,10600,36.99378,-105.25963
660:OR:SNTL,NEW CRESCENT LAKE,4910,43.51185,-121.97982
839:CO:SNTL,UPPER RIO GRANDE,9400,37.72194,-107.26015
969:AZ:SNTL,HAPPY JACK,7630,34.74598,-111.41207
610:ID:SNTL,MAGIC MOUNTAIN,6880,42.18072,-114.28662
409:CO:SNTL,COLUMBINE PASS,9400,38.41795,-108.38249
726:OR:SNTL,SADDLE MOUNTAIN,3110,45.54477,-123.37315
512:WY:SNTL,HANSEN SAWMILL,8360,44.25602,-106.97983
378:CO:SNTL,BURRO MOUNTAIN,9400,39.87505,-107.59853
568:MT:SNTL,LAKEVIEW RIDGE,7400,44.58907,-111.82498
396:UT:SNTL,CHEPETA,10592,40.7745,-110.0105
952:AK:SNTL,UPPER CHENA,2850,65.1,-144.93317
301:CA:SNTL,ADIN MTN,6190,41.23583,-120.79192
671:OR:SNTL,OCHOCO MEADOWS,5430,44.42917,-120.3311
433:MT:SNTL,DALY CREEK,5780,46.18367,-113.8533
460:WY:SNTL,EAST RIM DIVIDE,7930,43.13097,-110.2023
825:CO:SNTL,TOWER,10500,40.53743,-106.6768
1177:AK:SNTL,PRUDHOE BAY,30,70.26666,-148.56666
490:ID:SNTL,GALENA SUMMIT,8780,43.87497,-114.71363
561:UT:SNTL,KOLOB,9206,37.52617,-113.05402
642:WA:SNTL,MORSE LAKE,5410,46.90585,-121.4827
787:MT:SNTL,STAHL PEAK,6030,48.90902,-114.86298
360:MT:SNTL,BOULDER MOUNTAIN,7950,46.5596,-111.28973
643:UT:SNTL,MOSBY MTN.,9510,40.60783,-109.8881
1059:CO:SNTL,COCHETOPA PASS,10020,38.16283,-106.59883
743:OR:SNTL,SEINE CREEK,2060,45.52688,-123.29857
702:WA:SNTL,POTATO HILL,4510,46.34963,-121.51435
843:CO:SNTL,VALLECITO,10880,37.4851,-107.5068
824:WA:SNTL,TOUCHET,5530,46.11868,-117.8505
1068:WA:SNTL,SAWMILL RIDGE,4640,47.15992,-121.42172
750:NV:SCAN,SHELDON,5860,41.9045,-119.4436
1101:CO:SNTL,CHAPMAN TUNNEL,10110,39.26217,-106.62931
625:WY:SNTL,MIDDLE POWDER,7760,43.62728,-107.18138
340:NV:SNTL,BIG MEADOW,8249,39.45503,-119.94222
1083:NM:SNTL,TRES RITOS,8600,36.12778,-105.52714
312:ID:SNTL,BANNER SUMMIT,7040,44.30342,-115.23447
333:UT:SNTL,BEN LOMOND TRAIL,5829,41.38283,-111.92105
454:NV:SNTL,DRAW CREEK,7200,41.66198,-115.32397
1136:NV:SNTL,TOE JAM,7700,41.32,-116.34
449:WY:SNTL,DIVIDE PEAK,8880,41.30398,-107.15241
871:ID:SNTL,WILSON CREEK,7120,42.01257,-115.00278
1152:NV:SNTL,CAVE MOUNTAIN,10583,39.16337,-114.6133
324:ID:SNTL,BEAR SADDLE,6180,44.60553,-116.98008
698:NV:SNTL,POLE CREEK R.S.,8330,41.87306,-115.24694
553:WA:SNTL,JUNE LAKE,3440,46.14778,-122.15413
613:MT:SNTL,MANY GLACIER,4900,48.79698,-113.6705
1051:CA:SNTL,BURNSIDE LAKE,8129,38.71943,-119.8942
943:WA:SNTL,DUNGENESS,4010,47.87224,-123.0788
319:ID:SNTL,BEAR BASIN,5350,44.95222,-116.14293
1064:AK:SNTL,MIDDLE FORK BRADLEY,2300,59.77683,-150.75733
837:WY:SNTL,TWO OCEAN PLATEAU,9240,44.15178,-110.22122
646:MT:SNTL,MOSS PEAK,6780,47.68493,-113.9623
865:UT:SNTL,WIDTSOE #3,9640,37.83633,-111.88163
942:WA:SNTL,BURNT MOUNTAIN,4170,47.0444,-121.94032
547:CO:SNTL,IVANHOE,10400,39.29202,-106.54923
762:CO:SNTL,SLUMGULLION,11440,37.9908,-107.20327
696:MT:SNTL,PLACER BASIN,8830,45.41905,-110.08844
474:UT:SNTL,FARMINGTON,8000,40.992,-111.81702
464:OR:SNTL,EILERTSON MEADOWS,5510,44.86887,-118.11387
376:WA:SNTL,BUNCHGRASS MDW,5000,48.68688,-117.17633
351:OR:SNTL,BLAZED ALDER,3650,45.4287,-121.85605
496:ID:SNTL,GRAHAM GUARD STA.,5690,43.9538,-115.27387
398:OR:SNTL,CLACKAMAS LAKE,3400,45.09658,-121.75443
897:WA:SNTL,MEADOWS PASS,3230,47.28312,-121.47197
1061:CO:SNTL,BEAR RIVER,9080,40.06153,-107.00955
873:OR:SNTL,WOLF CREEK,5630,45.06703,-118.15192
862:MT:SNTL,WHITE MILL,8700,45.04575,-109.90987
2080:AK:SCAN,TOK,1630,63.3532,-142.98164
400:UT:SNTL,CLEAR CREEK #2,7659,39.89267,-111.25175
1114:UT:SNTL,GARDEN CITY SUMMIT,7705,41.9215,-111.4693
918:MT:SNTL,GARVER CREEK,4250,48.97523,-115.81915
1246:OR:SNTLT,BARNEY CREEK,5830,44.36067,-118.31113
308:AZ:SNTL,BAKER BUTTE,7300,34.4566,-111.40643
591:WA:SNTL,LONE PINE,3930,46.27143,-121.96288
603:MT:SNTL,LOWER TWIN,7900,45.50871,-111.92288
623:ID:SNTL,MICA CREEK,4510,47.15083,-116.26694
508:CA:SNTL,HAGAN'S MEADOW,7776,38.85185,-119.93742
334:NV:SNTL,BERRY CREEK,9100,39.31917,-114.62278
1118:UT:SNTL,LOST CREEK RESV,6082,41.22155,-111.35947
800:OR:SNTL,SUMMER RIM,7080,42.6957,-120.80158
666:OR:SNTL,NORTH FORK,3060,45.5505,-122.00283
1033:CO:SNTL,ZIRKEL,9340,40.79488,-106.59535
1055:AK:SNTL,UPPER TSAINA RIVER,1750,61.19112,-145.64807
644:WA:SNTL,MOSES MTN,5010,48.36163,-119.08159
1175:AK:SNTL,KELLY STATION,310,67.93333,-162.28333
546:ID:SNTL,ISLAND PARK,6290,44.4203,-111.38512
478:WA:SNTL,FISH LAKE,3430,47.53565,-121.08553
756:OR:SNTL,SILVER CREEK,5740,42.95615,-121.18123
373:NV:SNTL,BUCKSKIN LOWER,6915,41.75067,-117.53182
394:NM:SNTL,CHAMITA,8400,36.95636,-106.65682
381:MT:SNTL,CALVERT CREEK,6430,45.8838,-113.32553
784:CA:SNTL,SQUAW VALLEY G.C.,8029,39.18998,-120.26475
1080:WA:SNTL,BROWN TOP,5830,48.92755,-121.19713
946:AK:SNTL,INDIAN PASS,2350,61.06767,-149.4795
1000:OR:SNTL,ANNIE SPRINGS,6010,42.87007,-122.16518
500:MT:SNTL,GRAVE CREEK,4300,48.91453,-114.76663
2081:AK:SCAN,NENANA,415,64.68582,-148.9113
1186:CO:SNTL,FOOL CREEK,11150,39.8687,-105.8675
797:CO:SNTL,STUMP LAKES,11200,37.47621,-107.63295
467:CO:SNTL,ELK RIVER,8700,40.84781,-106.96871
998:WA:SNTL,EASY PASS,5270,48.85933,-121.43895
904:CO:SNTL,COLUMBUS BASIN,10785,37.44147,-108.02445
927:AZ:SNTL,SNOWSLIDE CANYON,9730,35.3416,-111.65058
410:MT:SNTL,COMBINATION,5600,46.46523,-113.39358
1226:UT:SNTL,THISTLE FLAT,8858,39.2377,-111.5197
813:MT:SNTL,TEPEE CREEK,8000,44.78562,-111.71
302:OR:SNTL,ANEROID LAKE #2,7400,45.21328,-117.19258
979:ID:SNTL,VAN WYCK,4920,44.37665,-116.3366
350:WY:SNTL,BLACKWATER,9780,44.37667,-109.79333
1212:AZ:SNTL,BAR M,6393,34.86136,-111.60503
858:MT:SNTL,WHISKEY CREEK,6800,44.61088,-111.14998
1130:WY:SNTL,CASTLE CREEK,8400,43.6748,-109.3774
411:ID:SNTL,COOL CREEK,6280,46.76361,-115.29528
788:WA:SNTL,STAMPEDE PASS,3850,47.27427,-121.34162
1062:AK:SNTL,ANCHOR RIVER DIVIDE,1653,59.85972,-151.315
941:WA:SNTL,MOWICH,3160,46.92833,-121.95232
451:WY:SNTL,DOME LAKE,8880,44.57462,-107.29537
494:OR:SNTL,GOLD CENTER,5410,44.7638,-118.3117
913:CO:SNTL,BUFFALO PARK,9240,40.22861,-106.59528
573:NV:SNTL,LAUREL DRAW,6697,41.77637,-116.02957
501:WY:SNTL,GRAVE SPRINGS,8550,43.46643,-107.23977
1092:AK:SNTL,EXIT GLACIER,400,60.19033,-149.62117
614:OR:SNTL,MARION FORKS,2590,44.59397,-121.97365
462:CA:SNTL,EBBETTS PASS,8765,38.54955,-119.80465
1090:AK:SNTL,UPPER NOME CREEK,2520,65.3671,-146.592
1052:CA:SNTL,SUMMIT MEADOW,9313,38.39747,-119.53522
831:WY:SNTL,TRIPLE PEAK,8500,42.76393,-110.5914
1096:AK:SNTL,MAY CREEK,1610,61.34783,-142.70967
1122:CO:SNTL,HOURGLASS LAKE,9380,40.57913,-105.63068
1150:NV:SNTL,KALAMAZOO,7744,39.5579,-114.62762
1201:NV:SNTLT,TENT MTN UPPER,7000,40.9653,-115.1646
601:ID:SNTL,LOST-WOOD DIVIDE,7900,43.82432,-114.26402
1016:ID:SNTL,LONG VALLEY,4890,44.78835,-116.08878
1070:AK:SNTL,ANCHORAGE HILLSIDE,2080,61.11483,-149.66683
978:ID:SNTL,BOGUS BASIN,6340,43.76377,-116.09685
418:WA:SNTL,CORRAL PASS,5800,47.01872,-121.46464
1222:UT:SNTL,GBRC MEADOWS,9780,39.3019,-111.45277
907:UT:SNTL,AGUA CANYON,8900,37.52217,-112.27118
326:WY:SNTL,BEARTOOTH LAKE,9360,44.94307,-109.56743
688:CO:SNTL,PHANTOM VALLEY,9030,40.39937,-105.84757
950:AK:SNTL,MUNSON RIDGE,3100,64.85033,-146.20945
331:OR:SNTL,BEAVER RESERVOIR,5150,45.14532,-118.219
1247:UT:SNTL,TAKKA WIIYA,9168,39.74152,-113.98305
517:UT:SNTL,HAYDEN FORK,9212,40.79667,-110.88488
760:MT:SNTL,SKALKAHO SUMMIT,7250,46.24212,-113.7725
846:CA:SNTL,VIRGINIA LAKES RIDGE,9445,38.07298,-119.23433
604:MT:SNTL,LUBRECHT FLUME,4680,46.88293,-113.32228
316:NM:SNTL,BATEMAN,9300,36.51216,-106.32129
531:CO:SNTL,HOOSIER PASS,11400,39.36127,-106.05978
903:MT:SNTL,NEVADA RIDGE,7020,46.84234,-112.50787
558:OR:SNTL,KING MOUNTAIN,4340,42.72395,-123.20037
631:UT:SNTL,MINING FORK,8221,40.49383,-112.61145
717:CO:SNTL,RIPPLE CREEK,10340,40.10812,-107.29411
1099:UT:SNTL,JONES CORRAL,9749,38.07125,-112.16788
1120:CO:SNTL,ELLIOT RIDGE,10520,39.864,-106.4246
651:OR:SNTL,MT HOOD TEST SITE,5370,45.32097,-121.7158
767:OR:SNTL,SNOW MOUNTAIN,6230,43.94885,-119.54013
667:MT:SNTL,NORTH FORK JOCKO,6330,47.2726,-113.75617
1127:AZ:SNTL,NUTRIOSO,8500,33.89747,-109.15517
792:ID:SNTL,STICKNEY MILL,7430,43.86117,-114.20902
420:WA:SNTL,COUGAR MOUNTAIN,3200,47.27666,-121.67138
956:AK:SNTL,GRANDVIEW,1100,60.60832,-149.06313
587:CA:SNTL,LOBDELL LAKE,9233,38.43745,-119.36572
720:UT:SNTL,ROCK CREEK,7889,40.54867,-110.69295
391:CA:SNTL,CEDAR PASS,7030,41.58233,-120.3025
910:WA:SNTL,ELBOW LAKE,3040,48.69092,-121.90893
1227:UT:SNTL,UPPER JOES VALLEY,8681,39.4155,-111.2491
510:MT:SNTL,HAND CREEK,5035,48.30754,-114.84075
681:WA:SNTL,PARK CREEK RIDGE,4600,48.44488,-120.91551
499:WY:SNTL,GRASSY LAKE,7265,44.12612,-110.83435
380:CO:SNTL,BUTTE,10160,38.89433,-106.953
844:UT:SNTL,VERNON CREEK,7401,39.93667,-112.41478
313:MT:SNTL,BARKER LAKES,8250,46.09713,-113.13038
347:MT:SNTL,BLACK BEAR,8170,44.50832,-111.12803
330:UT:SNTL,BEAVER DIVIDE,8280,40.61233,-111.09782
472:WY:SNTL,EVENING STAR,9200,44.65258,-109.78422
1095:AK:SNTL,SUGARLOAF MTN,550,61.081,-146.2995
1010:OR:SNTL,CRAZYMAN FLAT,6180,42.6381,-120.94917
1178:AK:SNTL,RHOADS CREEK,1225,63.931,-145.33333
1184:UT:SNTL,GOOSEBERRY R.S. UP,8400,38.78903,-111.6887
570:NV:SNTL,LAMOILLE #3,7700,40.64517,-115.376
511:AZ:SNTL,HANNAGAN MEADOWS,9020,33.65387,-109.30952
417:NV:SNTL,CORRAL CANYON,8500,40.27783,-115.53467
1215:UT:SNTL,LASAL MOUNTAIN-LOWER,8825,38.48323,-109.2896
1089:AK:SNTL,TOKOSITNA VALLEY,850,62.63,-150.77617
908:WA:SNTL,ALPINE MEADOWS,3500,47.77957,-121.69847
914:CO:SNTL,MEDANO PASS,9649,37.85164,-105.43614
356:CA:SNTL,BLUE LAKES,8057,38.6078,-119.92443
609:MT:SNTL,MADISON PLATEAU,7750,44.58623,-111.11627
1153:UT:SNTL,BUCKBOARD FLAT,8998,37.86943,-109.44717
1031:CO:SNTL,NEVER SUMMER,10280,40.40405,-105.95583
742:UT:SNTL,SEELEY CREEK,9910,39.31033,-111.43297
775:WY:SNTL,SOUTH PASS,9040,42.57317,-108.84325
629:CO:SNTL,MINERAL CREEK,10040,37.84747,-107.72657
542:CO:SNTL,INDEPENDENCE PASS,10600,39.07539,-106.61169
1163:UT:SNTL,EF BLACKS FORK GS,9360,40.8847,-110.5406
967:AK:SNTL,SUSITNA VALLEY HIGH,375,62.13333,-150.04167
656:MT:SNTL,MULE CREEK,8300,45.40957,-112.95927
444:UT:SNTL,DILL'S CAMP,9182,39.0455,-111.46863
594:ID:SNTL,LOOKOUT,5140,47.45792,-115.70577
617:AZ:SNTL,MAVERICK FORK,9200,33.92121,-109.45881
820:UT:SNTL,TIMPANOGOS DIVIDE,8140,40.42817,-111.61633
506:WY:SNTL,GROS VENTRE SUMMIT,8750,43.38877,-110.12947
1105:MT:SNTL,EAST BOULDER MINE,6335,45.50381,-110.08019
315:MT:SNTL,BASIN CREEK,7180,45.79737,-112.52047
898:WA:SNTL,MOUNT GARDNER,2920,47.35768,-121.56812
332:UT:SNTL,BEN LOMOND PEAK,8000,41.376,-111.94407
920:SD:SNTL,NORTH RAPID CREEK,6130,44.20617,-103.78758
487:MT:SNTL,FROHNER MEADOW,6480,46.43545,-112.19277
715:NM:SNTL,RED RIVER PASS #2,9850,36.69925,-105.34125
647:OR:SNTL,MOSS SPRINGS,5760,45.27173,-117.68747
555:WY:SNTL,KENDALL R.S.,7740,43.2493,-110.01662
722:MT:SNTL,ROCKER PEAK,8000,46.35613,-112.26176
538:CO:SNTL,IDARADO,9800,37.9339,-107.67552
735:ID:SNTL,SAVAGE PASS,6170,46.46633,-114.63333
370:ID:SNTL,BRUNDAGE RESERVOIR,6250,45.04315,-116.13253
840:CO:SNTL,UPPER SAN JUAN,10200,37.48576,-106.83535
754:MT:SNTL,SHOWER FALLS,8100,45.40125,-110.95758
1240:NV:SNTL,BALD MTN AM,6720,41.78333,-119.61667
416:AZ:SNTL,CORONADO TRAIL,8400,33.80392,-109.15282
560:WY:SNTL,KIRWIN,9550,43.86067,-109.32163
545:OR:SNTL,IRISH TAYLOR,5540,43.80368,-121.94793
599:WA:SNTL,LOST HORSE,5120,46.3575,-121.08095
954:AK:SNTL,TURNAGAIN PASS,1880,60.78043,-149.18325
838:CO:SNTL,UNIVERSITY CAMP,10300,40.03279,-105.57615
525:WY:SNTL,HOBBS PARK,10100,42.86984,-109.09455
1032:CO:SNTL,RAWAH,9020,40.7075,-106.0076
929:MT:SNTL,SACAJAWEA,6550,45.87395,-110.92783
406:OR:SNTL,COLD SPRINGS CAMP,5940,42.53305,-122.17683
821:OR:SNTL,TIPTON,5150,44.65567,-118.42617
984:WA:SNTL,SPRUCE SPRINGS,5700,46.18287,-117.54155
1248:UT:SNTL,SUU RANCH,8179,37.59627,-112.92122
569:NV:SNTL,LAMANCE CREEK,6000,41.51542,-117.63197
1067:CA:SNTL,CARSON PASS,8353,38.69308,-119.99335
437:MT:SNTL,DEADMAN CREEK,6450,46.79279,-110.67545
668:WY:SNTL,NORTH FRENCH CREEK,10130,41.3308,-106.37555
1219:OR:SNTLT,ROGGER MEADOW AM,6360,42.17,-120.25
1207:NV:SNTLT,MERRITT MOUNTAIN,7000,41.8928,-115.8582
556:CO:SNTL,KILN,9600,39.31724,-106.61453
789:OR:SNTL,STARR RIDGE,5250,44.26423,-119.02162
346:MT:SNTL,BISSON CREEK,4920,47.68389,-113.99901
876:MT:SNTL,WOOD CREEK,5960,47.44847,-112.81428
841:WA:SNTL,UPPER WHEELER,4330,47.28734,-120.37015
1171:WA:SNTL,TRINITY,2930,48.0747,-120.8493
208:AK:MSNT,BONANZA CREEK,1150,64.75,-148.3
692:WA:SNTL,PIGTAIL PEAK,5800,46.62153,-121.38643
1244:NV:SNTL,POLE CANYON,7700,40.86235,-115.12092
461:UT:SNTL,EAST WILLOW CREEK,8301,39.312,-109.5318
782:ID:SNTL,SQUAW FLAT,6240,44.77083,-116.24861
988:ID:SNTL,HIDDEN LAKE,5040,48.8937,-116.75748
925:OR:SNTL,SOUTH FORK BULL RUN,2690,45.44575,-122.03125
700:MT:SNTL,PORCUPINE,6500,46.11192,-110.4696
1102:CO:SNTL,HAYDEN PASS,10720,38.29326,-105.8505
934:NM:SNTL,TOLBY,10180,36.47493,-105.19468
526:OR:SNTL,HOGG PASS,4790,44.42042,-121.85655
633:CA:SNTL,MONITOR PASS,8310,38.66828,-119.60867
353:WY:SNTL,BLIND BULL SUM,8650,42.964,-110.60973
1220:OR:SNTLT,SHERMAN VALLEY AM,6630,42.35,-120.22
757:NM:SNTL,SILVER CREEK DIVIDE,9000,33.37106,-108.70618
355:MT:SNTL,BLOODY DICK,7600,45.16507,-113.50099
322:CO:SNTL,BEAR LAKE,9500,40.31118,-105.64483
590:MT:SNTL,LONE MOUNTAIN,8880,45.27412,-111.42692
761:ID:SNTL,SLUG CREEK DIVIDE,7225,42.56248,-111.29797
852:WY:SNTL,WEBBER SPRINGS,9250,41.15946,-106.92714
1110:NV:SNTL,RAINBOW CANYON,7920,36.2493,-115.62972
1054:UT:SNTL,FARMINGTON LOWER,6779,40.97483,-111.80933
794:OR:SNTL,STRAWBERRY,5770,42.12587,-120.8361
1100:CO:SNTL,SAINT ELMO,10540,38.69978,-106.36801
1084:OR:SNTL,MILLER WOODS,420,45.24755,-123.27563
765:WY:SNTL,SNIDER BASIN,8060,42.4949,-110.53203
645:ID:SNTL,MOSQUITO RIDGE,5200,48.05737,-116.23052
764:WY:SNTL,SNAKE RIVER STATION,6920,44.13361,-110.66917
738:ID:SNTL,SCHWEITZER BASIN,6090,48.37428,-116.63917
533:UT:SNTL,HORSE RIDGE,8160,41.31367,-111.44583
895:ID:SNTL,CHOCOLATE GULCH,6440,43.7685,-114.41812
498:NV:SNTL,GRANITE PEAK,8543,41.67042,-117.56663
317:WY:SNTL,BATTLE MOUNTAIN,7440,41.05413,-107.26609
1187:CO:SNTL,HIGH LONESOME,10620,40.03592,-105.75471
791:WA:SNTL,STEVENS PASS,3950,47.74607,-121.09288
723:UT:SNTL,ROCKY BASIN-SETTLEME,8900,40.4425,-112.24065
708:NM:SNTL,QUEMAZON,9500,35.92244,-106.39203
443:NV:SNTL,DIAMOND PEAK,8033,39.5637,-115.84332
877:AZ:SNTL,WORKMAN CREEK,6900,33.81242,-110.91773
1158:OR:SNTL,HOWARD PRAIRIE,4580,42.215,-122.3713
960:AK:SNTL,EAGLE SUMMIT,3650,65.48588,-145.41212
482:MT:SNTL,FLATTOP MTN.,6300,48.80225,-113.85713
1117:UT:SNTL,SPIRIT LK,10235,40.83868,-110.00527
399:UT:SNTL,CLEAR CREEK #1,8908,39.86667,-111.28357
549:NV:SNTL,JACKS PEAK,8420,41.53042,-116.01313
727:MT:SNTL,SADDLE MTN.,7940,45.69259,-113.96828
458:MT:SNTL,DUPUYER CREEK,5750,48.06341,-112.7573
773:CO:SNTL,SOUTH COLONY,10800,37.96811,-105.53787
414:MT:SNTL,COPPER CAMP,6950,47.08158,-112.72955
1107:WA:SNTL,BUCKINGHORSE,4870,47.7086,-123.45747
1217:UT:SNTL,REES FLAT,7211,39.49672,-111.7252
427:MT:SNTL,CRYSTAL LAKE,6050,46.78942,-109.51205
1045:WY:SNTL,CROW CREEK,8330,41.2287,-105.38278
616:WY:SNTL,MARQUETTE,8760,44.3016,-109.24019
1131:WY:SNTL,LITTLE GOOSE,8870,44.54315,-107.17865
634:UT:SNTL,MONTE CRISTO,8960,41.46583,-111.49667
973:AK:SNTL,ROCKY POINT,250,64.53482,-163.4214
697:CA:SNTL,POISON FLAT,7736,38.50553,-119.62612
1041:CO:SNTL,BEAVER CK VILLAGE,8500,39.59917,-106.51142
725:MT:SNTL,S FORK SHIELDS,8100,46.0896,-110.43363
2065:AK:SCAN,ANIAK,80,61.58337,-159.57708
387:CO:SNTL,CASCADE #2,8920,37.658,-107.80268
405:WY:SNTL,COLD SPRINGS,9630,43.27676,-109.44585
744:NM:SNTL,SENORITA DIVIDE #2,8600,36.00198,-106.83348
424:ID:SNTL,CRAB CREEK,6860,44.43672,-111.99348
412:CO:SNTL,COPELAND LAKE,8600,40.20778,-105.56861
1237:OR:SNTLT,V LAKE AM,6640,42.46573,-118.76583
329:UT:SNTL,BEAVER DAMS,7990,39.13683,-111.55813
1103:AK:SNTL,MT. ALYESKA,1540,60.95983,-149.08617
1245:OR:SNTLT,ANTHONY LAKE,7160,44.9591,-118.22668
798:WY:SNTL,SUCKER CREEK,8880,44.7225,-107.40033
1231:WA:SNTL,SATUS PASS,3960,45.98797,-120.67734
680:CO:SNTL,PARK CONE,9600,38.81996,-106.58974
307:MT:SNTL,BADGER PASS,6900,48.13088,-113.02317
734:WA:SNTL,SASSE RIDGE,4340,47.38485,-121.06323
1162:UT:SNTL,BLACKS FORK JCT,8870,40.9581,-110.5828
361:OR:SNTL,BOURNE,5850,44.83052,-118.18787
677:ID:SNTL,OXFORD SPRING,6740,42.26015,-112.12515
689:WY:SNTL,PHILLIPS BENCH,8200,43.51948,-110.91103
325:WY:SNTL,BEAR TRAP MEADOW,8200,43.88743,-107.06135
612:UT:SNTL,MAMMOTH-COTTONWOOD,8727,39.68333,-111.31818
977:CA:SNTL,CROWDER FLAT,5170,41.89318,-120.75202
721:OR:SNTL,ROCK SPRINGS,5290,44.00883,-118.83842
670:MT:SNTL,NORTHEAST ENTRANCE,7350,45.00565,-110.01406
1058:CO:SNTL,GRAYBACK,11620,37.47033,-106.53783
675:CO:SNTL,OVERLAND RES.,9840,39.09056,-107.63472
515:WA:SNTL,HARTS PASS,6490,48.72047,-120.6586
802:CO:SNTL,SUMMIT RANCH,9400,39.71796,-106.15802
1121:AZ:SNTL,FORT VALLEY,7350,35.26806,-111.74486
1056:UT:SNTL,LIGHTNING RIDGE,8215,41.35883,-111.48747
1125:AZ:SNTL,MORMON MTN SUMMIT,8500,34.96964,-111.50922
649:MT:SNTL,MOUNT LOCKHART,6400,47.91727,-112.8238
970:CO:SNTL,JONES PASS,10400,39.7645,-105.90623
602:CO:SNTL,LOVELAND BASIN,11400,39.67433,-105.90133
739:CO:SNTL,SCOTCH CREEK,9100,37.64556,-108.00786
1189:AK:SNTL,AMERICAN CREEK,1050,64.78969,-141.23376
483:OR:SNTL,FOURMILE LAKE,5970,42.43933,-122.2288
541:CA:SNTL,INDEPENDENCE LAKE,8352,39.42752,-120.31342
349:MT:SNTL,BLACK PINE,7210,46.414,-113.43095
1057:CO:SNTL,GLEN COVE,11460,38.87583,-105.07367
822:WY:SNTL,TOGWOTEE PASS,9580,43.74902,-110.0578
327:CO:SNTL,BEARTOWN,11600,37.71409,-107.51212
705:AZ:SNTL,PROMONTORY,7930,34.36824,-111.01084
812:OR:SNTL,TAYLOR GREEN,5740,45.07707,-117.55067
2141:NV:SCAN,KYLE CANYON,7011,36.26527,-115.60852
772:WY:SNTL,SOUTH BRUSH CREEK,8440,41.32943,-106.50248
341:OR:SNTL,BIG RED MOUNTAIN,6050,42.05257,-122.85487
428:CA:SNTL,CSS LAB,6855,39.32565,-120.36807
548:NV:SNTL,JACK CREEK UPPER,7250,41.54675,-116.00517
2150:UT:SCAN,CHICKEN RIDGE,7656,41.33144,-111.30356
1047:WY:SNTL,LITTLE SNAKE RIVER,8915,41.07053,-106.94283
714:UT:SNTL,RED PINE RIDGE,9009,39.45183,-111.27218
495:UT:SNTL,GOOSEBERRY R.S.,7950,38.80033,-111.68325
466:ID:SNTL,ELK BUTTE,5690,46.83998,-116.12233
605:OR:SNTL,LUCKY STRIKE,4970,45.27478,-118.8479
724:CA:SNTL,RUBICON #2,7689,38.9992,-120.13032
311:MT:SNTL,BANFIELD MOUNTAIN,5600,48.5712,-115.44573
362:OR:SNTL,BOWMAN SPRINGS,4530,45.36428,-118.46715
1043:WA:SNTL,SENTINEL BUTTE,4680,48.86133,-118.39843
1170:NM:SNTL,PALO,9350,36.40848,-105.33063
1193:UT:SNTLT,HENRYS FORK,10000,40.86313,-110.38145
2142:NV:SCAN,TROUGH SPRINGS,7848,36.37353,-115.79437
585:WY:SNTL,LITTLE WARM,9370,43.50278,-109.752
1213:NV:SNTLT,WHITE RIVER NV,7440,38.94565,-115.37918
901:MT:SNTL,STUART MOUNTAIN,7400,46.99523,-113.92664
912:WA:SNTL,SKOOKUM CREEK,3310,47.68433,-121.61007
1182:AK:SNTL,BETTLES FIELD,640,66.91667,-151.53333
455:UT:SNTL,DRY BREAD POND,8350,41.413,-111.53783
389:WY:SNTL,CASPER MTN.,7900,42.73389,-106.31861
1078:OR:SNTL,SUN PASS,5400,42.78637,-121.97715
540:CA:SNTL,INDEPENDENCE CREEK,6456,39.49017,-120.28128
434:OR:SNTL,DALY LAKE,3690,44.52147,-122.08718
535:ID:SNTL,HUMBOLDT GULCH,4250,47.53178,-115.77643
1134:WY:SNTL,LARSEN CREEK,9000,42.5801,-109.0883
728:WA:SNTL,SALMON MEADOWS,4460,48.65518,-119.8383
736:OR:SNTL,SCHNEIDER MEADOWS,5400,45.00107,-117.16522
1194:NV:SNTL,SUMMIT LK,7609,41.48953,-118.99663
615:NV:SNTL,MARLETTE LAKE,7880,39.16395,-119.89672
975:WA:SNTL,SWAMP CREEK,3930,48.57142,-120.78267
393:UT:SNTL,CHALK CREEK #2,8158,40.88533,-111.06932
713:CO:SNTL,RED MOUNTAIN PASS,11200,37.8918,-107.71342
842:CO:SNTL,VAIL MOUNTAIN,10300,39.61676,-106.38006
342:WY:SNTL,BIG SANDY OPENING,9080,42.64682,-109.25965
661:WY:SNTL,NEW FORK LAKE,8340,43.11265,-109.94947
778:CA:SNTL,SPRATT CREEK,6115,38.66625,-119.81755
657:MT:SNTL,N FK ELK CREEK,6250,46.8716,-113.27725
618:CO:SNTL,MC CLURE PASS,9500,39.12897,-107.28806
899:WA:SNTL,TINKHAM CREEK,2990,47.33198,-121.46975
557:UT:SNTL,KIMBERLY MINE,9129,38.48383,-112.39282
627:ID:SNTL,MILL CREEK SUMMIT,8800,44.47212,-114.48992
982:WY:SNTL,COLE CANYON,5910,44.48632,-104.41057
1239:OR:SNTLT,ALTHOUSE,4970,41.99617,-123.547
486:NM:SNTL,FRISCO DIVIDE,8000,33.73646,-108.94502
672:WA:SNTL,OLALLIE MEADOWS,4030,47.37406,-121.44213
465:CO:SNTL,EL DIENTE PEAK,10000,37.78617,-108.02155
453:NV:SNTL,DORSEY BASIN,8100,40.89333,-115.20483
1133:WY:SNTL,POCKET CREEK,9360,42.7121,-109.4112
637:ID:SNTL,MORES CREEK SUMMIT,6100,43.932,-115.66588
926:ID:SNTL,SMILEY MOUNTAIN,9520,43.72718,-113.83402
774:ID:SNTL,SOUTH MTN.,6500,42.76478,-116.90037
595:NM:SNTL,LOOKOUT MOUNTAIN,8500,33.36027,-107.83122
1209:NV:SNTLT,CORDUROY FLAT,8720,38.9965,-115.4245
974:WA:SNTL,WATERHOLE,5010,47.94485,-123.42594
619:OR:SNTL,MCKENZIE,4770,44.2103,-121.87292
737:CO:SNTL,SCHOFIELD PASS,10700,39.01522,-107.04877
827:CO:SNTL,TRAPPER LAKE,9700,39.99884,-107.2362
849:NV:SNTL,WARD MOUNTAIN,9200,39.13242,-114.95575
861:AZ:SNTL,WHITE HORSE LAKE,7180,35.14202,-112.14915
1017:NM:SNTL,VACAS LOCAS,9306,36.02635,-106.81362
958:AK:SNTL,COLDFOOT,1040,67.25333,-150.183
911:WA:SNTL,REX RIVER,3810,47.30218,-121.60475
359:ID:SNTL,BOSTETTER R.S.,7500,42.16389,-114.1925
769:ID:SNTL,SOLDIER R.S.,5740,43.48407,-114.82692
648:WA:SNTL,MOUNT CRAG,3960,47.7637,-123.026
1001:AK:SNTL,LONG LAKE,850,58.186,-133.83217
384:WY:SNTL,CANYON,7870,44.71961,-110.51084
379:WY:SNTL,BURROUGHS CREEK,8750,43.69733,-109.67021
1198:NV:SNTLT,AMERICAN BEAUTY,7800,40.5337,-115.4576
440:OR:SNTL,DERR.,5850,44.4465,-119.93012
1197:UT:SNTL,YANKEE RESERVOIR,9972,37.748,-112.775
936:CO:SNTL,ECHO LAKE,10600,39.65627,-105.59345
829:CO:SNTL,TRINCHERA,10860,37.35328,-105.23233
519:AZ:SNTL,HEBER,7640,34.31202,-110.75431
1199:NV:SNTLT,ROBINSON LAKE,9200,40.7237,-115.2788
1154:UT:SNTL,BRIAN HEAD,9972,37.68025,-112.85653
1119:WY:SNTL,BLACKHALL MTN,9820,41.05616,-106.71384
931:WY:SNTL,BIG GOOSE,7990,44.57924,-107.20068
1081:ID:SNTL,RAGGED MOUNTAIN,4210,47.85583,-117.03667
662:MT:SNTL,NEZ PERCE CAMP,5650,45.73107,-114.48075
476:NV:SNTL,FAWN CREEK,7000,41.82098,-116.10153
318:MT:SNTL,BEAGLE SPRINGS,8850,44.47147,-112.98191
833:UT:SNTL,TROUT CREEK,9518,40.739,-109.6728
806:WY:SNTL,SYLVAN LAKE,8420,44.47764,-110.15651
1112:NV:SNTL,LEE CANYON,8626,36.30537,-115.67508
1141:CO:SNTL,UPPER TAYLOR,10640,38.99077,-106.75422
388:OR:SNTL,CASCADE SUMMIT,5100,43.59042,-122.0601
1012:WA:SNTL,SWIFT CREEK,4440,46.1638,-122.18402
593:UT:SNTL,LONG VALLEY JCT,7464,37.4875,-112.51453
521:UT:SNTL,HEWINTA,9519,40.95,-110.48417
1196:WY:SNTL,MED BOW,10500,41.37833,-106.34681
719:OR:SNTL,ROARING RIVER,4950,43.90098,-122.03063
516:MT:SNTL,HAWKINS LAKE,6450,48.9723,-115.95337
699:WA:SNTL,POPE RIDGE,3590,47.9909,-120.56622
503:NV:SNTL,GREEN MOUNTAIN,8000,40.38433,-115.52517
435:UT:SNTL,DANIELS-STRAWBERRY,8037,40.29517,-111.25678
676:WY:SNTL,OWL CREEK,8975,43.65868,-109.00988
1065:UT:SNTL,GUTZ PEAK,6763,37.49617,-113.94235
583:UT:SNTL,LITTLE GRASSY,6100,37.48633,-113.84578
1146:UT:SNTL,OAK CREEK,7850,39.3485,-112.32639
1048:NM:SNTL,MCKNIGHT CABIN,9240,33.00812,-107.86975
606:WA:SNTL,LYMAN LAKE,5980,48.19798,-120.91678
442:OR:SNTL,DIAMOND LAKE,5280,43.18787,-122.14003
363:MT:SNTL,BOX CANYON,6670,45.2719,-110.24903
1168:NM:SNTL,TAOS POWDERHORN,11057,36.58203,-105.45611
971:UT:SNTL,PARRISH CREEK,7740,40.93417,-111.81372
304:OR:SNTL,ARBUCKLE MTN,5770,45.19085,-119.25392
763:UT:SNTL,SMITH & MOREHOUSE,7600,40.79,-111.1177
803:ID:SNTL,SUNSET,5540,47.55545,-115.82422
628:UT:SNTL,MILL-D NORTH,8967,40.65883,-111.63693
1036:AK:SNTL,JOHNSON'S CAMP,25,64.5646,-164.29257
857:CO:SNTL,WHISKEY CK,10220,37.21411,-105.12245
732:WY:SNTL,SANDSTONE RS,8150,41.11172,-107.1706
830:ID:SNTL,TRINITY MTN.,7770,43.62903,-115.43818
608:OR:SNTL,MADISON BUTTE,5150,45.10513,-119.49585
576:MT:SNTL,LEMHI RIDGE,8100,44.9938,-113.44399
771:CA:SNTL,SONORA PASS,8827,38.3103,-119.59942
306:ID:SNTL,ATLANTA SUMMIT,7580,43.7569,-115.23907
1066:UT:SNTL,GARDNER PEAK,8322,37.40083,-113.45988
854:NM:SNTL,WESNER SPRINGS,11120,35.77556,-105.5425
390:UT:SNTL,CASTLE VALLEY,9580,37.66083,-112.74095
1149:UT:SNTL,FISH LAKE UTAH,8798,38.50455,-111.76693
795:UT:SNTL,STRAWBERRY DIVIDE,8123,40.16483,-111.20665
745:OR:SNTL,SEVENMILE MARSH,5700,42.69825,-122.14165
983:UT:SNTL,CLAYTON SPRINGS,10049,37.9725,-111.83355
1046:WY:SNTL,CINNABAR PARK,9574,41.23837,-106.23095
1167:OR:SNTL,SMITH RIDGE,3330,44.3018,-122.0936
896:UT:SNTL,HARDSCRABBLE,7250,40.86833,-111.71865
577:WY:SNTL,LEWIS LAKE DIVIDE,7850,44.20862,-110.66628
733:OR:SNTL,SANTIAM JCT.,3740,44.43503,-121.94502
392:UT:SNTL,CHALK CREEK #1,8993,40.8545,-111.04777
814:UT:SNTL,THAYNES CANYON,9230,40.6235,-111.53322
909:WA:SNTL,WELLS CREEK,4030,48.8661,-121.78976
566:UT:SNTL,LAKEFORK #1,10415,40.59817,-110.43288
1225:UT:SNTL,REDDEN MINE LWR,8500,40.6745,-111.218
1069:WA:SNTL,LYNN LAKE,3900,47.20172,-121.77972
1011:WA:SNTL,MF NOOKSACK,4970,48.82453,-121.92951
626:UT:SNTL,MIDWAY VALLEY,9800,37.56917,-112.83783
718:CO:SNTL,ROACH,9700,40.87502,-106.04603
730:WY:SNTL,SALT RIVER SUMMIT,7760,42.5075,-110.9099
600:ID:SNTL,LOST LAKE,6110,47.07187,-115.95808
1236:UT:SNTL,CORRAL,8159,39.65692,-110.37985
1009:MT:SNTL,STRINGER CREEK,6550,46.9269,-110.90198
403:MT:SNTL,CLOVER MEADOW,8600,45.01788,-111.8456
964:AK:SNTL,GROUSE CREEK DIVIDE,700,60.25965,-149.34228
770:ID:SNTL,SOMSEN RANCH,6800,42.95275,-111.35933
477:OR:SNTL,FISH CREEK,7660,42.70992,-118.6321
747:ID:SNTL,SHANGHI SUMMIT,4570,46.56611,-115.74194
972:UT:SNTL,LOUIS MEADOW,6700,40.83033,-111.76457
2029:ID:SNTL,REYNOLDS CREEK,5600,43.067,-116.75462
924:MT:SNTL,WEST YELLOWSTONE,6700,44.65866,-111.09199
565:CO:SNTL,LAKE IRENE,10700,40.41432,-105.8198
989:ID:SNTL,MOSCOW MOUNTAIN,4700,46.805,-116.8535
1116:UT:SNTL,LAKEFORK #3,8464,40.5502,-110.3529
1129:WA:SNTL,INDIAN ROCK,5360,45.99077,-120.80767
1073:AK:SNTL,MT. EYAK,1405,60.55,-145.745
426:CO:SNTL,CROSHO,9100,40.16745,-107.0575
1254:NM:SNTL,RIO SANTA BARBARA,10664,36.07192,-105.62947
801:OR:SNTL,SUMMIT LAKE,5610,43.44907,-122.13808
906:UT:SNTL,DRY FORK,7093,40.56533,-112.17343
1210:NV:SNTLT,DEFIANCE MINES,9200,39.0852,-114.8997
596:UT:SNTL,LOOKOUT PEAK,8200,40.83733,-111.70915
706:OR:SNTL,QUARTZ MOUNTAIN,5720,42.31923,-120.82533
783:MT:SNTL,SLEEPING WOMAN,6150,47.17902,-114.33368
746:NV:SNTL,SEVENTYSIX CREEK,7100,41.73732,-115.47215
968:AK:SCAN,IMNAVIAT CREEK,3050,68.61683,-149.30017
1214:UT:SNTL,BEVANS CABIN,6430,40.46233,-112.2529
933:NM:SNTL,RICE PARK,8460,35.23333,-108.26667
357:OR:SNTL,BLUE MOUNTAIN SPRING,5870,44.24767,-118.51722
367:WY:SNTL,BROOKLYN LAKE,10240,41.35885,-106.23209
1206:NV:SNTLT,MIDAS,7000,41.2687,-116.8033
321:NV:SNTL,BEAR CREEK,8040,41.83417,-115.45222
655:OR:SNTL,MUD RIDGE,4070,45.25362,-121.73673
986:AK:SNTL,PARGON CREEK,100,64.9935,-163.10317
479:OR:SNTL,FISH LK.,4660,42.3801,-122.34943
1060:CO:SNTL,SHARKSTOOTH,10720,37.50357,-108.11373
463:CA:SNTL,ECHO PEAK,7670,38.84903,-120.0785
683:WY:SNTL,PARKER PEAK,9400,44.73396,-109.91484
520:ID:SNTL,HEMLOCK BUTTE,5810,46.48111,-115.63361
917:MT:SNTL,ROCKY BOY,4700,48.17478,-109.64728
1037:AK:SNTL,NUKA GLACIER,1250,59.69867,-150.70967
1218:OR:SNTLT,HART MOUNTAIN AM,6400,42.48,-119.72
621:UT:SNTL,MERCHANT VALLEY,8703,38.30283,-112.43637
807:WY:SNTL,SYLVAN ROAD,7120,44.46278,-110.13679
654:ID:SNTL,MUD FLAT,5730,42.6004,-116.55925
923:WY:SNTL,DEER PARK,9700,42.59076,-108.90273
354:SD:SNTL,BLIND PARK,6890,44.10772,-103.97688
1203:NV:SNTLT,STAG MOUNTAIN,7800,41.4081,-115.4466
344:OR:SNTL,BILLIE CREEK DIVIDE,5280,42.40717,-122.26617
828:UT:SNTL,TRIAL LAKE,9992,40.678,-110.94873
878:WY:SNTL,YOUNTS PEAK,8350,43.93225,-109.81775
1124:CO:SNTL,MOON PASS,11140,37.96661,-106.55837
1077:OR:SNTL,SWAN LAKE MTN,6830,42.41323,-121.68002
691:UT:SNTL,PICKLE KEG,9600,39.01217,-111.58255
951:AK:SNTL,TEUCHET CREEK,1640,64.94583,-145.51667
1229:OR:SNTLT,BIG SHEEP AM,6720,45.168,-117.086
432:UT:SNTL,CURRANT CREEK,8000,40.3575,-111.08993
1234:AK:SNTL,WEARY LAKE,100,59.13423,-159.09282
836:MT:SNTL,TWIN LAKES,6400,46.1438,-114.5056
1249:UT:SNTL,SUNFLOWER FLAT,9957,38.048,-111.33983
1013:UT:SNTL,TEMPLE FORK,7406,41.793,-111.54605
369:CO:SNTL,BRUMLEY,10600,39.08766,-106.5417
469:MT:SNTL,EMERY CREEK,4350,48.43412,-113.93725
415:CO:SNTL,COPPER MOUNTAIN,10550,39.48954,-106.17095
832:WA:SNTL,TROUGH,5480,47.23328,-120.29412
1014:CO:SNTL,MIDDLE FORK CAMP,8940,39.7956,-106.0273
1238:OR:SNTLT,TROUT CREEK AM,7890,42.03597,-118.24008
921:NM:SNTL,ELK CABIN,8210,35.7043,-105.80675
1172:NM:SNTL,SAN ANTONIO SINK,9100,36.8622,-106.22502
850:MT:SNTL,WARM SPRINGS,7800,46.27368,-113.164
966:AK:SNTL,KENAI MOOSE PENS,300,60.727,-150.47517
436:MT:SNTL,DARKHORSE LAKE,8600,45.17367,-113.5846
749:ID:SNTL,SHEEP MTN.,6570,43.20933,-111.68777
563:OR:SNTL,LAKE CREEK R.S.,5240,44.21007,-118.63752
669:CO:SNTL,NORTH LOST TRAIL,9200,39.07813,-107.14389
509:WY:SNTL,HAMS FORK,7840,42.146,-110.67833
826:WY:SNTL,TOWNSEND CREEK,8700,42.69525,-108.89572
1035:AK:SNTL,MORAINE,2100,61.37727,-148.99917
636:ID:SNTL,MOONSHINE,7440,44.4147,-113.39812
504:OR:SNTL,GREENPOINT,3310,45.62237,-121.70415
543:UT:SNTL,INDIAN CANYON,9175,39.8915,-110.74605
1098:UT:SNTL,USU DOC DANIEL,8270,41.86425,-111.50603
753:MT:SNTL,SHORT CREEK,7000,44.97572,-111.95215
1044:OR:SNTL,TOKETEE AIRSTRIP,3240,43.22718,-122.42537
790:UT:SNTL,STEEL CREEK PARK,10200,40.9085,-110.50472
564:CO:SNTL,LAKE ELDORA,9700,39.93678,-105.58956
875:WY:SNTL,WOLVERINE,7650,44.80417,-109.657
489:ID:SNTL,GALENA,7470,43.87722,-114.6725
336:NV:SNTL,BIG BEND,6700,41.76168,-115.6931
1113:UT:SNTL,TONY GROVE RS,6332,41.88573,-111.56918
1142:ID:SNTL,PIERCE R.S.,3080,46.495,-115.79612
805:ID:SNTL,SWEDE PEAK,7640,43.626,-113.96887
780:CO:SNTL,SPUD MOUNTAIN,10660,37.69866,-107.77715
1145:UT:SNTL,KILFOIL CREEK,7220,39.58611,-111.41255
445:NV:SNTL,DISASTER PEAK,6500,41.96735,-118.18942
740:ID:SNTL,SECESH SUMMIT,6520,45.1885,-115.97305
1132:WY:SNTL,SOLDIER PARK,8720,44.34847,-107.0136
939:CO:SNTL,ROUGH AND TUMBLE,10360,39.03333,-106.08333
823:UT:SNTL,TONY GROVE LAKE,8474,41.89833,-111.62957
1002:AK:SNTL,POINT MACKENZIE,250,61.3898,-150.02667
385:MT:SNTL,CARROT BASIN,9000,44.96192,-111.29403
712:OR:SNTL,RED HILL,4410,45.4643,-121.70428
607:CO:SNTL,LYNX PASS,8880,40.07806,-106.67028
859:WY:SNTL,WHISKEY PARK,8950,41.00289,-106.90848
863:WA:SNTL,WHITE PASS E.S.,4440,46.64142,-121.38153
337:NV:SNTL,BIG CREEK SUM,8695,39.29158,-117.11415
635:MT:SNTL,MONUMENT PEAK,8850,45.21759,-110.237
1008:MT:SNTL,ONION PARK,7410,46.91348,-110.8536
809:CA:SNTL,TAHOE CITY CROSS,6797,39.17162,-120.15362
1111:NV:SNTL,BRISTLECONE TRAIL,8979,36.31575,-115.69543
819:WY:SNTL,TIMBER CREEK,7950,44.0274,-109.17879
559:UT:SNTL,KING'S CABIN,8724,40.71633,-109.54403
624:CO:SNTL,MIDDLE CREEK,11250,37.61978,-107.03482
1161:CO:SNTL,BLACK MOUNTAIN,8920,40.888,-105.66397
1155:NV:SNTL,BIRD CREEK,7500,39.46138,-114.64863
1221:UT:SNTL,GBRC HQ,8541,39.32067,-111.4879
682:CO:SNTL,PARK RESERVOIR,9960,39.04644,-107.87414
766:UT:SNTL,SNOWBIRD,9640,40.564,-111.655
687:OR:SNTL,PEAVINE RIDGE,3420,45.04148,-121.93252
810:OR:SNTL,TAYLOR BUTTE,5030,42.69108,-121.42592
793:CO:SNTL,STILLWATER CREEK,8720,40.22543,-105.91977
554:WY:SNTL,KELLEY R.S.,8180,42.2689,-110.8056
759:OR:SNTL,SILVIES,6990,42.75333,-118.68785
1030:CO:SNTL,ARAPAHO RIDGE,10960,40.35098,-106.38142
701:CO:SNTL,PORPHYRY CREEK,10760,38.48884,-106.33965
1188:CO:SNTL,WAGER GULCH,11100,37.88248,-107.3643
1050:CA:SNTL,HORSE MEADOW,8557,38.83652,-119.88732
684:UT:SNTL,PARLEY'S SUMMIT,7500,40.762,-111.6285
1235:NV:SNTLT,SMITH CREEK,7600,40.44675,-115.51147
2170:NV:SCAN,PORTER CANYON,7198,39.46593,-117.62162
497:WY:SNTL,GRANITE CREEK,6770,43.34298,-110.43495
1094:AK:SNTL,MONAHAN FLAT,2710,63.30533,-147.64633
579:UT:SNTL,LILY LAKE,9156,40.86483,-110.79805
1006:NV:SNTL,LEWIS PEAK,7400,40.35757,-116.86492
653:OR:SNTL,MT. HOWARD,7910,45.26522,-117.17373
348:UT:SNTL,BLACK FLAT-U.M. CK,9462,38.67983,-111.59772
1242:NV:SNTL,LITTLE VALLEY,6510,39.25305,-119.87717
1191:AK:SNTL,MCNEIL RIVER SGS,140,59.08332,-154.27543
1072:AK:SNTL,KANTISHNA,1550,63.54167,-150.994
981:MT:SNTL,BURNT MTN,5880,45.2401,-109.45961
2146:NV:SCAN,LOVELL SUMMIT,6593,36.16555,-115.61195
522:UT:SNTL,HICKERSON PARK,9145,40.9065,-109.9629
961:AK:SNTL,FORT YUKON,430,66.5705,-145.24553
991:WA:SNTL,HOZOMEEN CAMP,1690,48.98075,-121.07976
507:WA:SNTL,GROUSE CAMP,5390,47.28107,-120.48771
1169:NM:SNTL,SHUREE,10100,36.78778,-105.23999
582:UT:SNTL,LITTLE BEAR,6544,41.4055,-111.82612
949:AK:SNTL,MONUMENT CREEK,1850,65.07833,-145.87067
632:CO:SNTL,MOLAS LAKE,10500,37.74932,-107.68866
622:CO:SNTL,MESA LAKES,10000,39.05831,-108.05835
990:WA:SNTL,BEAVER PASS,3630,48.8793,-121.2555
853:UT:SNTL,WEBSTER FLAT,9203,37.575,-112.90155
817:WA:SNTL,THUNDER BASIN,4320,48.52753,-120.9895
452:UT:SNTL,DONKEY RESERVOIR,9800,38.20933,-111.4825
481:UT:SNTL,FIVE POINTS LAKE,10940,40.71783,-110.46723
1243:NV:SNTL,DRY CREEK,6500,40.86208,-115.22078
1195:NV:SNTL,GOLCONDA,6596,40.88358,-117.58812
652:NV:SNTL,MT ROSE SKI AREA,8801,39.31573,-119.89473
423:ID:SNTL,COZY COVE,5380,44.28783,-115.65527
847:MT:SNTL,WALDRON,5600,47.91998,-112.79087
364:UT:SNTL,BOX CREEK,9828,38.508,-112.0186
303:CO:SNTL,APISHAPA,10000,37.33062,-105.06749
